{
  "name": "angular-animate",
  "version": "1.6.5",
  "license": "MIT",
  "main": "./angular-animate.js",
  "ignore": [],
  "dependencies": {
    "angular": "1.6.5"
  },
  "homepage": "https://github.com/angular/bower-angular-animate",
  "_release": "1.6.5",
  "_resolution": {
    "type": "version",
    "tag": "v1.6.5",
    "commit": "c51985f49b0a158175efbeaf775fd8373cbbf45e"
  },
  "_source": "https://github.com/angular/bower-angular-animate.git",
  "_target": "^1.6.4",
  "_originalSource": "angular-animate"
}