{
  "name": "angular-ivh-treeview",
  "version": "1.0.4",
  "authors": [
    "jtrussell"
  ],
  "description": "Treeview for angular with filtering and checkboxes",
  "main": [
    "dist/ivh-treeview.js",
    "dist/ivh-treeview.css"
  ],
  "keywords": [
    "angular",
    "tree",
    "treeview"
  ],
  "license": "MIT",
  "homepage": "https://github.com/ivantage/angular-ivh-treeview",
  "ignore": [
    "**/.*",
    "bower_components",
    "docs",
    "node_modules",
    "src",
    "test",
    "CONTRIBUTING.md",
    "gruntfile.js",
    "MIGRATING.md",
    "package.json"
  ],
  "dependencies": {
    "angular": "~1.2.18 || ~1.4.0 || ~1.5.0"
  },
  "devDependencies": {
    "jquery": "~2.1.1",
    "angular-mocks": "~1.2.18 || ~1.4.0 || ~1.5.0"
  },
  "_release": "1.0.4",
  "_resolution": {
    "type": "version",
    "tag": "v1.0.4",
    "commit": "d19b22d8cb8c41779030502f726d2d607b951ac8"
  },
  "_source": "https://github.com/ivantage/angular-ivh-treeview.git",
  "_target": "1.0.4",
  "_originalSource": "angular-ivh-treeview"
}